{
    "AtlasImagePath": "Assets/Textures/TextureAtlasOverlay/TextureAtlasOverlay.png",
    "AtlasWidth": 2048,
    "AtlasHeight": 2048,
    "TileSize": 32,
    "TextureCoordinates": {
        "Block_breaking_stage_0": {
            "overlay": {
                "X": 0,
                "Y": 0,
                "Z": 32,
                "W": 32
            }
        },
        "Block_breaking_stage_1": {
            "overlay": {
                "X": 32,
                "Y": 0,
                "Z": 32,
                "W": 32
            }
        },
        "Block_breaking_stage_2": {
            "overlay": {
                "X": 64,
                "Y": 0,
                "Z": 32,
                "W": 32
            }
        },
        "Block_breaking_stage_3": {
            "overlay": {
                "X": 96,
                "Y": 0,
                "Z": 32,
                "W": 32
            }
        },
        "Block_breaking_stage_4": {
            "overlay": {
                "X": 128,
                "Y": 0,
                "Z": 32,
                "W": 32
            }
        },
        "Block_breaking_stage_5": {
            "overlay": {
                "X": 160,
                "Y": 0,
                "Z": 32,
                "W": 32
            }
        },
        "Block_breaking_stage_6": {
            "overlay": {
                "X": 192,
                "Y": 0,
                "Z": 32,
                "W": 32
            }
        },
        "Block_breaking_stage_7": {
            "overlay": {
                "X": 224,
                "Y": 0,
                "Z": 32,
                "W": 32
            }
        },
        "Block_breaking_stage_8": {
            "overlay": {
                "X": 256,
                "Y": 0,
                "Z": 32,
                "W": 32
            }
        },
        "Block_breaking_stage_9": {
            "overlay": {
                "X": 288,
                "Y": 0,
                "Z": 32,
                "W": 32
            }
        }
    }
}
