{
  "recipes": [
    {
      "id": 1,
      "name": "Wood to OakWoodPlank",
      "inputs": [
        {
          "slot": 0,
          "itemName": "ItemWoodBlock",
          "count": 1
        }
      ],
      "output": {
        "itemName": "ItemOakwoodplank",
        "count": 1
      }
    },
    {
      "id": 2,
      "name": "Crafting Table",
      "inputs": [
        {
          "slot": 0,
          "itemName": "ItemOakwoodplank",
          "count": 1
        },
        {
          "slot": 1,
          "itemName": "ItemOakwoodplank",
          "count": 1
        },
        {
          "slot": 3,
          "itemName": "ItemOakwoodplank",
          "count": 1
        },
        {
          "slot": 4,
          "itemName": "ItemOakwoodplank",
          "count": 1
        }
      ],
      "output": {
        "itemName": "ItemWoodBlock",
        "count": 1
      }
    },
    {
      "id": 3,
      "name": "Wooden Pickaxe",
      "inputs": [
        {
          "slot": 0,
          "itemName": "ItemOakwoodplank",
          "count": 1
        },
        {
          "slot": 1,
          "itemName": "ItemOakwoodplank",
          "count": 1
        },
        {
          "slot": 2,
          "itemName": "ItemOakwoodplank",
          "count": 1
        },
        {
          "slot": 4,
          "itemName": "ItemStick",
          "count": 1
        },
        {
          "slot": 7,
          "itemName": "ItemStick",
          "count": 1
        }
      ],
      "output": {
        "itemName": "ItemWoodenPickaxe",
        "count": 1
      }
    }
  ]
} 