{
  "items": [
    {
      "id": 1,
      "itemName": "ItemGrassBlock",
      "droppedFromBlockType": "grass"
    },
    {
      "id": 2,
      "itemName": "ItemDirtBlock",
      "droppedFromBlockType": "dirt"
    },
    {
      "id": 3,
      "itemName": "ItemStoneBlock",
      "droppedFromBlockType": "stone"
    },
    {
      "id": 4,
      "itemName": "ItemWoodBlock",
      "droppedFromBlockType": "wood"
    },
    {
      "id": 5,
      "itemName": "ItemLeavesBlock",
      "droppedFromBlockType": "leaves"
    },
    {
      "id": 6,
      "itemName": "ItemRedcurrentberrybush",
      "droppedFromBlockType": "redcurrentberrybush",
      "hungerRestoration": 80,
      "eatingTime": 1
    },
    {
      "id": 7,
      "itemName": "ItemOakwoodplank",
      "droppedFromBlockType": "oakwoodplank"
    },
    {
      "id": 8,
      "itemName": "ItemBedrockBlock",
      "droppedFromBlockType": "bedrock"
    }
  ]
} 