{
  "blocks": [
    {
      "id": 1,
      "blockType": "grass",
      "miningTime": 0.8,
      "canPlace": true,
      "canMine": true
    },
    {
      "id": 2,
      "blockType": "dirt",
      "miningTime": 0.8,
      "canPlace": true,
      "canMine": true
    },
    {
      "id": 3,
      "blockType": "stone",
      "miningTime": 2.5,
      "canPlace": true,
      "canMine": true
    },
    {
      "id": 4,
      "blockType": "wood",
      "miningTime": 2.0,
      "canPlace": true,
      "canMine": true
    },
    {
      "id": 5,
      "blockType": "leaves",
      "miningTime": 0.3,
      "canPlace": true,
      "canMine": true
    },
    {
      "id": 6,
      "blockType": "redcurrentberrybush",
      "miningTime": 0.3,
      "canPlace": false,
      "canMine": true
    },
    {
      "id": 7,
      "blockType": "oakwoodplank",
      "miningTime": 1.0,
      "canPlace": true,
      "canMine": true
    },
    {
      "id": 8,
      "blockType": "bedrock",
      "miningTime": 10.0,
      "canPlace": false,
      "canMine": false
    },
    {
      "id": 0,
      "blockType": "default",
      "miningTime": 1.0,
      "canPlace": true,
      "canMine": true
    }
  ]
} 