{
    "AtlasImagePath": "Assets/Textures/TextureAtlasBlocks/TextureAtlaspro2.png",
    "AtlasWidth": 2048,
    "AtlasHeight": 2048,
    "TileSize": 32,
    "TextureCoordinates": {
        "grass": {
            "top": {
                "X": 0,
                "Y": 0,
                "Z": 32,
                "W": 32
            },
            "side": {
                "X": 32,
                "Y": 0,
                "Z": 32,
                "W": 32
            },
            "bottom": {
                "X": 64,
                "Y": 0,
                "Z": 32,
                "W": 32
            }
        },
        "dirt": {
            "top": {
                "X": 96,
                "Y": 0,
                "Z": 32,
                "W": 32
            },
            "side": {
                "X": 128,
                "Y": 0,
                "Z": 32,
                "W": 32
            },
            "bottom": {
                "X": 160,
                "Y": 0,
                "Z": 32,
                "W": 32
            }
        },
        "stone": {
            "top": {
                "X": 192,
                "Y": 0,
                "Z": 32,
                "W": 32
            },
            "side": {
                "X": 224,
                "Y": 0,
                "Z": 32,
                "W": 32
            },
            "bottom": {
                "X": 256,
                "Y": 0,
                "Z": 32,
                "W": 32
            }
        },
        "wood": {
            "top": {
                "X": 288,
                "Y": 0,
                "Z": 32,
                "W": 32
            },
            "side": {
                "X": 320,
                "Y": 0,
                "Z": 32,
                "W": 32
            },
            "bottom": {
                "X": 352,
                "Y": 0,
                "Z": 32,
                "W": 32
            }
        },
        "leaves": {
            "top": {
                "X": 384,
                "Y": 0,
                "Z": 32,
                "W": 32
            },
            "side": {
                "X": 416,
                "Y": 0,
                "Z": 32,
                "W": 32
            },
            "bottom": {
                "X": 448,
                "Y": 0,
                "Z": 32,
                "W": 32
            }
        },
        "redcurrentberrybush": {
            "top": {
                "X": 480,
                "Y": 0,
                "Z": 32,
                "W": 32
            },
            "side": {
                "X": 512,
                "Y": 0,
                "Z": 32,
                "W": 32
            },
            "bottom": {
                "X": 544,
                "Y": 0,
                "Z": 32,
                "W": 32
            }
        },
        "oakwoodplank": {
            "top": {
                "X": 576,
                "Y": 0,
                "Z": 32,
                "W": 32
            },
            "side": {
                "X": 608,
                "Y": 0,
                "Z": 32,
                "W": 32
            },
            "bottom": {
                "X": 640,
                "Y": 0,
                "Z": 32,
                "W": 32
            }
        },
        "bedrock": {
            "top": {
                "X": 672,
                "Y": 0,
                "Z": 32,
                "W": 32
            },
            "side": {
                "X": 704,
                "Y": 0,
                "Z": 32,
                "W": 32
            },
            "bottom": {
                "X": 736,
                "Y": 0,
                "Z": 32,
                "W": 32
            }
        }
    }
} 