{
    "AtlasImagePath": "Assets/Textures/TextureAtlasItems/TextureAtlasItem.png",
    "AtlasWidth": 2048,
    "AtlasHeight": 2048,
    "TileSize": 64,
    "TextureCoordinates": {
        "ItemGrassBlock": {
            "icon": {
                "X": 0,
                "Y": 0,
                "Z": 64,
                "W": 64
            }
        },
        "ItemDirtBlock": {
            "icon": {
                "X": 64,
                "Y": 0,
                "Z": 64,
                "W": 64
            }
        },
        "ItemStoneBlock": {
            "icon": {
                "X": 128,
                "Y": 0,
                "Z": 64,
                "W": 64
            }
        },
        "ItemLeavesBlock": {
            "icon": {
                "X": 192,
                "Y": 0,
                "Z": 64,
                "W": 64
            }
        },
        "ItemWoodBlock": {
            "icon": {
                "X": 256,
                "Y": 0,
                "Z": 64,
                "W": 64
            }
        },
        "ItemRedcurrentberrybush": {
            "icon": {
                "X": 320,
                "Y": 0,
                "Z": 64,
                "W": 64
            }
        },
        "ItemOakwoodplank": {
            "icon": {
                "X": 384,
                "Y": 0,
                "Z": 64,
                "W": 64
            }
        },
        "ItemBedrockBlock": {
            "icon": {
                "X": 448,
                "Y": 0,
                "Z": 64,
                "W": 64
            }
        }
    }
} 