{
    "AtlasImagePath": "Assets/Textures/TextureAtlasUI/TextureAtlasUI.png",
    "AtlasWidth": 2048,
    "AtlasHeight": 2048,
    "TileSize": 64,
    "TextureCoordinates": {
        "DefaultSlotTexture": {
            "X": 0,
            "Y": 0,
            "Z": 64,
            "W": 64
        },
        "PanelBackground": {
            "X": 0,
            "Y": 80,
            "Z": 512,
            "W": 512
        },
        "SelectedSlotTexture": {
            "X": 64,
            "Y": 0,
            "Z": 80,
            "W": 80
        },
        "ButtonTexture": {
            "X": 144,
            "Y": 0,
            "Z": 128,
            "W": 80
        },
        "PanelTexture": {
            "X": 0,
            "Y": 592,
            "Z": 256,
            "W": 256
        },
        "LightPanelTexture": {
            "X": 0,
            "Y": 848,
            "Z": 256,
            "W": 256
        },
        "MediumPanelTexture": {
            "X": 0,
            "Y": 1104,
            "Z": 256,
            "W": 256
        },
        "WindowHeader": {
            "X": 192,
            "Y": 64,
            "Z": 64,
            "W": 64
        },
        "ScrollBarThumb": {
            "X": 0,
            "Y": 128,
            "Z": 64,
            "W": 64
        },
        "CheckboxUnchecked": {
            "X": 64,
            "Y": 128,
            "Z": 64,
            "W": 64
        },
        "CheckboxChecked": {
            "X": 128,
            "Y": 128,
            "Z": 64,
            "W": 64
        }
    }
} 